{"cameraMode":{"drawMode":0,"name":"Shaded","section":"Shading Mode"},"sceneLighting":true,"audioPlay":false,"sceneViewState":{"showFog":true,"showMaterialUpdate":false,"showSkybox":true,"showFlares":true,"showImageEffects":true,"showParticleSystems":true,"showVisualEffectGraphs":true,"m_FxEnabled":true},"in2DMode":false,"pivot":{"x":1221.3912353515625,"y":746.0442504882813,"z":624.4365234375},"rotation":{"x":-0.012310202233493328,"y":-0.0032739010639488699,"z":0.00003639723945525475,"w":-0.9999433159828186},"size":1430.394775390625,"orthographic":false}