{"cameraMode":{"drawMode":0,"name":"Shaded","section":"Shading Mode"},"sceneLighting":false,"audioPlay":false,"sceneViewState":{"showFog":true,"showMaterialUpdate":false,"showSkybox":false,"showFlares":true,"showImageEffects":true,"showParticleSystems":true,"showVisualEffectGraphs":true,"m_FxEnabled":true},"in2DMode":false,"pivot":{"x":250.15586853027345,"y":0.3584088981151581,"z":263.0699157714844},"rotation":{"x":0.12139509618282318,"y":0.04316018521785736,"z":-0.0052895136177539829,"w":0.9916605353355408},"size":0.866028368473053,"orthographic":false}